"Person","Application","Role","AccessLabel","Reviewer","Decision","Comment"
"agarcia","Comptabilite","Comptabilite-Standard","Comptabilite / Comptabilite-Standard","","",""
"agarcia","SIRH","SIRH-Lecture","SIRH / SIRH-Lecture","","",""
"Bertrand Caron","Support-N3","Support-N3-Admin","Support-N3 / Support-N3-Admin","","",""
"cbenali","Juridique","Juridique-Admin","Juridique / Juridique-Admin","","",""
"fandre","CRM","CRM-Support","CRM / CRM-Support","","",""
"hlemoine","Comptabilite","Comptabilite-Standard","Comptabilite / Comptabilite-Standard","","Approve",""
"hlemoine","ERP","ERP-Admin","ERP / ERP-Admin","","Revoke","Conflit SoD avec Comptabilite-Standard"
"jdupont","Comptabilite","Comptabilite-Admin","Comptabilite / Comptabilite-Admin","","Approve",""
"jdupont","ERP","ERP-Utilisateur","ERP / ERP-Utilisateur","","Revoke","Conflit SoD avec Comptabilite-Admin"
"Julien Roche","Support-N3","Support-N3-Standard","Support-N3 / Support-N3-Standard","","",""
"kdiallo","ERP","ERP-Utilisateur","ERP / ERP-Utilisateur","","",""
"kdiallo","RH","RH-Standard","RH / RH-Standard","","",""
"lrousseau","CRM","CRM-Admin","CRM / CRM-Admin","","Approve",""
"lrousseau","CRM","CRM-Lecture","CRM / CRM-Lecture","","Approve",""
"lrousseau","SIRH","SIRH-Admin","SIRH / SIRH-Admin","","Revoke","Conflit SoD avec CRM-Admin"
"mmartin","Comptabilite","Comptabilite-Consultant","Comptabilite / Comptabilite-Consultant","","",""
"mmartin","SIRH","SIRH-Lecture","SIRH / SIRH-Lecture","","",""
"Nadia Faure","Support-N3","Support-N3-Standard","Support-N3 / Support-N3-Standard","","",""
"nleroy","Marketing","Marketing-Standard","Marketing / Marketing-Standard","","",""
"opetit","Marketing","Marketing-Standard","Marketing / Marketing-Standard","","",""
"pbernard","Comptabilite","Comptabilite-Standard","Comptabilite / Comptabilite-Standard","","",""
"pbernard","SIRH","SIRH-Lecture","SIRH / SIRH-Lecture","","",""
"rmoreau","ERP","ERP-Utilisateur","ERP / ERP-Utilisateur","","",""
"rmoreau","RH","RH-Admin","RH / RH-Admin","","",""
"sfontaine","ERP","ERP-Utilisateur","ERP / ERP-Utilisateur","","",""
"sfontaine","RH","RH-Standard","RH / RH-Standard","","",""
"tgirard","Marketing","Marketing-Consultant","Marketing / Marketing-Consultant","","",""
"tnoel","CRM","CRM-Lecture","CRM / CRM-Lecture","","",""
"tnoel","ERP","ERP-Support","ERP / ERP-Support","","",""
"vlefevre","Juridique","Juridique-Standard","Juridique / Juridique-Standard","","",""
"wroux","CRM","CRM-Support","CRM / CRM-Support","","",""
"ymichel","Marketing","Marketing-Owner","Marketing / Marketing-Owner","","",""
